name,city,slug,whatsapp,instagram,whatsapp_status,instagram_outreach
Aura Beach Club Cabarete,Cabarete,aura-beach-club-cabarete,+18297870140,auracabarete,not_on_whatsapp,sent
Blue Ice Piano Bar & Restaurant,Sosúa,blue-ice-pianobar-sosua,+18297977856,blueice_pianobar,not_on_whatsapp,queued
Cigar Town Pop,Puerto Plata,cigar-town-pop,,cigartownpop,no-number,sent
Club Deportivo Fantastico,Puerto Plata,club-deportivo-fantastico,,alsenaathletics,no-number,sent
Drifter Cabarete,Cabarete,drifter-cabarete,+18297022312,driftercabarete,not_on_whatsapp,queued
El Mirador de Finely,Puerto Plata,el-mirador-de-finely,,finelysaludable,no-number,queued
Grand Prix Smart Shop,Puerto Plata,grand-prix-puerto-plata,,grandprixrd,no-number,sent
Hard Rock Cafe Puerto Plata,Sosúa,hard-rock-sosua,+18495057778,hardrockcafepuertoplata,not_on_whatsapp,sent
International School of Sosúa,Sosúa,international-school-sosua,+18095713271,issosuahurricanes,not_on_whatsapp,queued
Latin Disco Club,Puerto Plata,disco-club-brugal,,latindiscoclubpp,no-number,queued
Lokura's Pop Bar Café,Puerto Plata,lokuras-pop,,lokuraspop,no-number,queued
Love Does Centro Para Mujeres,Sosúa,love-does-sosua,+18095713826,lovedoesrd,not_on_whatsapp,queued
Luna Lounge LCB,Puerto Plata,luna-lounge-lcb,,lunaloungelcb,no-number,queued
Mecla'o Rooftop Lounge,Puerto Plata,meclao-rooftop,,meclaorooftop,no-number,sent
Nona's Grill & Kitchen,Sosúa,nonas-grill-kitchen,+18095711529,nonasgrillkitchen,not_on_whatsapp,queued
Nueve Restaurante & Bar,Puerto Plata,nueve-puerto-plata,,nueve_rd,no-number,queued
Paella POP Playa El Pueblito,Puerto Plata,paella-pop-el-pueblito,,paellas.pop,no-number,sent
Plaza Juan Brugal,Puerto Plata,plaza-juan-brugal,,licor_lab,no-number,sent
Sosúa Food Market,Sosúa,sosua-food-market,,sosuafoodmarket,no-number,sent
Spot Land,Puerto Plata,spotland-puerto-plata,,spotlandrd,no-number,queued
Taino Bay,Puerto Plata,taino-bay,,tainobay_puertoplata,no-number,queued
Twenty Disco Lounge,Playa Dorada,twenty-disco-lounge,,twenty_disco_lounge,no-number,sent
Victrola 037 Arte Café,Puerto Plata,victrola-037,,victrolart,no-number,queued
VIP Beach Lifestyles Resort and Spa,Puerto Plata,vip-beach-lifestyles-resort,,lifestyleholidayshotels,no-number,queued
Zen Fitness Camps,Cabarete,zen-fitness-cabarete,,extremefitnesscamps,no-number,queued
27 Charcos de Damajagua,Puerto Plata,charcos-damajagua,+18092721438,,sent,
Aguají,Sosúa,aguaji-sosua,+18098778726,aguaji.altacocina,not-sent,queued
Ambar Lounge POP,Puerto Plata,ambar-lounge-pop,+18097818677,ambarloungepop,sent,queued
Amber Cove,Puerto Plata,amber-cove,+18297350272,ambercoveport,not-sent,queued
Anfiteatro La Puntilla,Puerto Plata,anfiteatro-la-puntilla,,,no-number,
Baia Lounge,Sosúa,baia-lounge-sosua,+18098956000,baialoungedr,not-sent,queued
Bar 39,Sosúa,bar-39-sosua,+18298172884,,sent,
Big Lee's Beach Bar & Grill,Puerto Plata,big-lees-beach-bar,,,no-number,
Bliss Cabarete,Cabarete,bliss-cabarete,+18297017215,blisscabarete,not-sent,queued
Blue JackTar Playa Dorada,Puerto Plata,blue-jacktar-playa-dorada,+18093203800,,not_on_whatsapp,
Brugal Rum Center,Puerto Plata,brugal-rum-center,,,no-number,
Calle de las Sombrillas,Puerto Plata,calle-sombrillas,,,no-number,
Casa Balcón,Puerto Plata,casa-balcon-puerto-plata,+18093816676,casabalconrd,not-sent,queued
Casa Caribe,Puerto Plata,casa-caribe-puerto-plata,+18099594087,casacaribepop,sent,skip_already_following
CASA COCO 24/7 Eatery & Bar,Sosúa,casa-coco-sosua,+18494435678,,sent,
Casa de la Cultura Eduardo Brito,Puerto Plata,casa-de-la-cultura,,,no-number,
Casa Museo General Gregorio Luperón,Puerto Plata,gregorio-luperon-museum,+18092618661,,not-sent,
Casita Azul,Puerto Plata,casita-azul-puerto-plata,+18095863718,lacaditaazulpop,not-sent,queued
Cayo Arena,Puerto Plata,cayo-arena,+18295997444,,not-sent,
Centro Nova Salud y Bienestar,Puerto Plata,nova-salud-bienestar,+18092800077,novapuertoplata,sent,skip_already_following
Charco de los Militares,Puerto Plata,charco-los-militares,+18094139058,,not-sent,
Cheers Bar & Grill,Sosúa,cheers-bar-sosua,+1809404822463,,not-sent,
Chill & Grill Bar & Eatery,Sosúa,castaways-sosua,+18296798389,,sent,
Chukka Ocean Outpost — Coconut Cove,Bajo Hondo,coconut-cove,+18097967176,,sent,
Classic Cars Dominicana,Puerto Plata,classic-cars-dominicana,+18097698732,classiccarsrd,sent,queued
Cofresí Palm Beach & Spa Resort,Puerto Plata,cofresi-palm-beach-spa,+18099707777,,not-sent,
Crazy Lobster Bar & Grill,Puerto Plata,crazy-lobster-maimon,+18097496917,,sent,
Cremo Cigar Bar & Lounge,Puerto Plata,cremo-cigar-bar,+13059429440,,not_on_whatsapp,
Cuartel de Bomberos de Puerto Plata,Puerto Plata,cuartel-bomberos-puerto-plata,+18095862312,,not-sent,
Cámara de Comercio Puerto Plata,Puerto Plata,camara-comercio-puerto-plata,+18095862390,camarapuertoplata,not-sent,queued
D-Classico Merengue Bar,Sosúa,d-classico-sosua,,,no-number,
Del Oro Chocolate Factory,Puerto Plata,del-oro-chocolate-factory,+18093207715,,not-sent,
Desarrollo Fitness Cabarete,Cabarete,desarrollo-fitness-cabarete,+18097696199,desarrollo_fitness_cabarete,sent,queued
Don Limón,Puerto Plata,don-limon-cofresi,+18092157676,donlimon02,sent,skip_already_following
El Batey,Sosúa,el-batey-sosua,,,no-number,
El Carey Día y Noche,Costambar,el-carey-puerto-plata,+18494404199,diaynocherestaurantelcarey,sent,queued
El Cocotazo Cafe,Cabarete,el-cocotazo-cafe,+18096576116,,sent,
El Colibri Hotel,Sosúa,el-colibri-hotel,+18099709433,,sent,
El Parq Foodpark,Cabarete,el-parq-cabarete,,,no-number,
Estadio Leonel Plácido,Puerto Plata,estadio-leonel-placido,+18496323133,,not-sent,
Faro de Puerto Plata,Puerto Plata,faro-puerto-plata,,,no-number,
Finca Papirucho,Sosúa,finca-papirucho,+18492077092,,not-sent,
Flip Flop Sports Bar,Sosúa,flip-flop-sports-bar-sosua,+18298178147,flipflopsportsbar,sent,queued
Fortaleza San Felipe,Puerto Plata,fortaleza-san-felipe,+18092611911,,not-sent,
Fun City Action Park,Puerto Plata,fun-city,+18096970794,funcitypuertoplata,sent,queued
Gran Ventana Beach Resort,Playa Dorada,gran-ventana-beach-resort,+18093202111,granventanadr,not-sent,queued
Grecialandia,Puerto Plata,grecialandia,+18494606644,grecialandia,not-sent,queued
Gregorio Luperón International Airport,Puerto Plata,gregorio-luperon-airport,,,no-number,
Ground Zero Discoteca,Sosúa,ground-zero-disco,+18494651313,groundzero_disco,sent,queued
GYM SOV — Sosúa Ocean Village,Sosúa,gym-sov-sosua-ocean-village,+18299612269,gymsov,not-sent,queued
Gypsy Bowls Cabarete,Cabarete,gypsy-bowls-cabarete,+18299454543,gypsybowls,not-sent,queued
Hacienda Cufa,Guananico,hacienda-cufa,+18097564806,,not-sent,
Handmade the Brand,Puerto Plata,handmade-the-brand,+19394089392,,sent,
HMS Valeria Seafood Restaurant,Sosúa,hms-valeria,+18095711693,,sent,
Hotel Ocean Winds,Costambar,hotel-ocean-winds,+18495915588,,not-sent,
Hotel Villa Taina,Cabarete,hotel-villa-taina,+18095710722,hotelvillataina,not-sent,sent
Hotel Voramar,Sosúa,hotel-voramar-sosua,+18095713910,,not_on_whatsapp,
Iberostar Waves Costa Dorada,Puerto Plata,iberostar-waves-costa-dorada,+18093201000,,not-sent,
Independence Park,Puerto Plata,plaza-independencia,+18095862526,,not-sent,
Iván García Teatro-Escuela,Puerto Plata,ivan-garcia-teatro-escuela,+18092617393,teatroivangarcia,not-sent,queued
Jamao al Norte,Cabarete,jamao-al-norte,+18097435523,jamaoecotours,not-sent,queued
Kite Beach,Cabarete,kite-beach,,,no-number,
Kite Street POP,Puerto Plata,kite-street-pop,+18097698732,kitestreetpop,sent,queued
Kviar Show Disco & Casino,Puerto Plata,kviar-costa-dorada,+18093201632,kviarcasinos,not-sent,queued
La Casita de Papi,Cabarete,la-casita-de-papi,+18099863750,,not-sent,
La Chabola,Cabarete,la-chabola-cabarete,+18095435860,,not-sent,
La Confluencia Galería Etnográfica,Puerto Plata,la-confluencia-museum,+18093815745,,not-sent,
La Isabela Colonial,Puerto Plata,la-isabela-colonial-puerto-plata,+18096977989,laisabelapop,not-sent,queued
La Lola Beach Club,Puerto Plata,la-lola-malecon,+18495175705,Lalolabeachclub,sent,queued
La Rejoya,Puerto Plata,la-rejoya,+18094139058,,not-sent,
Laguna SOV,Sosúa,laguna-sov,+18299612269,lagunasov,not-sent,queued
Latin Wok,Cabarete,latinwok-puerto-plata,+18095748621,latinwokrd,not-sent,queued
Latin Wok Plaza Uno,Puerto Plata,latinwok-plaza-uno,+18092612020,latinwokrd,not-sent,queued
LAX Cabarete,Cabarete,lax-cabarete,+18297458811,laxcabarete,sent,queued
Le Petit François,Playa Dorada,le-petit-francois,+18294922910,lepetitfrancois.rd,sent,queued
Letrero de Puerto Plata,Puerto Plata,letrero-puerto-plata,,,no-number,
Liquid Blue Cabarete,Cabarete,liquid-blue-cabarete,+18492719573,lbcabarete,sent,queued
Los Tres Cocos,Puerto Plata,los-tres-cocos-cofresi,+18099707627,lostrescocosrd,not-sent,queued
Macorix House of Rum,Puerto Plata,macorix-house-of-rum,,,no-number,
Malecón de Puerto Plata,Puerto Plata,malecon-puerto-plata,,,no-number,
Mauro’s,Puerto Plata,mauros-puerto-plata,+18297553968,maurospop,not-sent,queued
Mi Bodegón Cabarete,Cabarete,mi-bodegon-cabarete,+18099649916,mibodegoncabarete,not-sent,queued
Monkeyland Puerto Plata,Imbert,monkeyland-puerto-plata,+18295997444,,not-sent,
Museo del Ámbar,Puerto Plata,museo-ambar,+18095862848,,not-sent,
Museo Judío de Sosúa,Sosúa,sosua-jewish-museum,,,no-number,
Natura Cabana,Sosúa,natura-cabana,+18492147010,,sent,
Ninafrika Dance School,Cabarete,ninafrika-dance-school-cabarete,+18498549692,ninafrikadance,sent,skip_already_following
Ocean One Cabarete,Cabarete,ocean-one-cabarete,,,no-number,
Ocean World Adventure Park,Puerto Plata,ocean-world,+18092911000,oceanworldadventurepark,sent,queued
Outback Adventures,Puerto Plata,outback-adventures,+18093202525,,not-sent,
Parada Típica El Choco,Sosúa,parada-tipica-el-choco,+18098042510,paradaelchoco,sent,queued
Parque José Briceño,Puerto Plata,parque-jose-briceno,,,no-number,
Parque Nacional El Choco,Cabarete,parque-nacional-el-choco,+18099849823,,not-sent,
Paseo de Doña Blanca,Puerto Plata,paseo-dona-blanca,,,no-number,
Pingüi Bar Restaurant,Puerto Plata,pingui-bar,+18096682051,,not-sent,
Playa Cofresí,Puerto Plata,playa-cofresi,,,no-number,
Playa Costambar,Costambar,playa-costambar,,,no-number,
Playa Dorada Golf Course,Playa Dorada,playa-dorada-golf,+18093204262,ashonorte,not-sent,queued
Playa Encuentro,Cabarete,playa-encuentro,+18298934214,,not-sent,
Playa Los Charamicos,Sosúa,playa-los-charamicos,+18095866125,puertoplatabeachsoccer,not-sent,queued
Playa Sosúa,Sosúa,playa-sosua,,,no-number,
Plaza Sánchez,Puerto Plata,plaza-sanchez-imbert,,,no-number,
POP Cinemas,Playa Dorada,pop-cinemas-playa-dorada,+18093201400,cinemaspop,not-sent,queued
Project Paradise,Cabarete,project-paradise-cabarete,+18498802080,,not-sent,
Rancho La Catalina,Puerto Plata,rancho-catalina-puerto-plata,+18097813737,rancholacatalina,sent,queued
Restaurant Maria,Sosúa,restaurant-maria-sov,+18299614455,,not-sent,
"Rincón Caliente, Guananico",Puerto Plata,rincon-caliente-guananico,,,no-number,
Ristorante Passatore,Playa Dorada,ristorante-passatore-playa-dorada,+18093201722,ristorantepassatore,not-sent,queued
Rum Legacy Museum & Shop Experience,Puerto Plata,rum-legacy-museum,+18092618661,,not-sent,
Río Martinico,Sosúa,rio-martinico,,,no-number,
Sambalú Restaurant,Puerto Plata,sambalu-puerto-plata,+18099594771,Sambalu.rd,not-sent,queued
Santa Fe,Sosúa,santa-fe-sov,+18299612269,santafesov,not-sent,queued
Sea Horse Ranch,Sosúa,sea-horse-ranch,+18095712902,,not-sent,
Señor Rock Bar & Grill,Playa Dorada,senor-rock-playa-dorada,,,no-number,
Skina,Puerto Plata,skina-puerto-plata,+18099701950,skinarestaurant,not-sent,queued
Smiley's Bar & Restaurant,Sosúa,smileys-bar-sosua,,,no-number,
Sosua Diving Center,Sosúa,sosua-diving-center,+18094749220,,sent,
Sun Club Costa Norte,Sosúa,sun-club-costa-norte-sosua,+18098956000,leclub_costanorte,not-sent,queued
Sunset Grill at Velero,Cabarete,sunset-grill-velero,+18095719727,velerobeachresort,not-sent,queued
Tabacalera Cremo,Puerto Plata,tabacalera-cremo,+13059429440,,not_on_whatsapp,
Tasty Food Park,Puerto Plata,tasty-food-park-puerto-plata,+18092042939,tastyfoodpark,sent,queued
Teleférico Puerto Plata,Puerto Plata,teleferico-puerto-plata,+18099700501,,not-sent,
Templo de las Américas,Luperón,templo-de-las-americas,,,no-number,
Terramar Pickleball Club,Sosúa,terramar-pickleball-club,+18092233974,,not-sent,
The Finish Line,Sosúa,finish-line-sosua,,,no-number,
TrolleyCity Tours POP,Puerto Plata,trolley-city-tours,+18097698732,trolleycitytours,sent,queued
Vinoteca Wine House,Puerto Plata,vinoteca-wine-house,+18093201515,vinotecamarienpp,not-sent,queued
Vivonté Cigar Factory,Puerto Plata,vivonte-cigar-factory,+18095865257,,sent,
VOYVOY Cabarete,Cabarete,voyvoy-cabarete,+18095710805,voyvoybar,sent,skip_already_following
Waterfront Playa Alicia,Sosúa,waterfront-playa-alicia,+18095713024,waterfrontplayaalicia,sent,queued
Zona Acapella Club,Puerto Plata,zona-acapella-club,+18094845636,acapella.pop,sent,skip_already_following
